"balloon","version_num","years_active","sponsor","designer","height","length","width","weight","helium_volume","handlers","type","manufacturer","designers","handling_lines"
"80th Anniversary Hot Air Balloon",1,"2006","Macy's","Joel Naprstek","47 feet",NA,NA,NA,NA,NA,"Giant Balloons",NA,NA,NA
"Abby Cadabby",1,"2007-2009","Sesame Workshop","Janis Beauchamp","48.5 Feet","56 Feet","37.5 Feet","353 lbs.","16,100 Cubic ft.","53 Handling Lines90 Handlers","Giant Balloons",NA,NA,NA
"Ada Twist, Scientist",1,"2021-2022","Netflix","Eric Hudspeth","51 feet","41 feet","29 feet",NA,NA,"90","Giant Balloons",NA,NA,NA
"Adventure Time with Finn and Jake",1,"2013-2015","Cartoon Network","Jessica Moretti","40 feet","57 feet","26 feet",NA,NA,"90","Giant Balloons",NA,NA,NA
"Andy the Alligator",1,"1932-1933","Macy's","Tony Sarg",NA,NA,NA,NA,NA,"25","Giant Balloons","Goodyear Tire and Rubber Company",NA,NA
"Angry Birds' Red",1,"2015-2017","Rovio Entertainment","Joel Naprstek","45.5 feet","44 feet","29.7 feet",NA,"14,000 cubic ft","90","Giant Balloons","Signs & Shapes International",NA,NA
"Arrtle the Pirate",1,"1947-1948","Macy's","Elizabeth Rodgers","43 feet",NA,NA,NA,"4,000 cubic ft.","20","Giant Balloons","Goodyear Tire and Rubber Company",NA,NA
"Arrtle the Pirate",2,"2007-2010, 2015, 2018, 2021 (Main Parade)2007-2010 (Macy's Holiday Parade)","Macy's","Jennifer Palmer","36 feet",NA,"24.5 feet",NA,"3,600 cubic feet.","28","Giant Balloons","Raven Aerostar",NA,NA
"Arthur",1,"1997-2001, 2003","Little Brown Children's Publishing Company (1997-1998)Eden Toys (1999)Random House Children's Media Group (2000)The Learning Company (2001)Marc Brown Studios (2003)","Manfred Bass","68-feet","52-feet","32-feet",NA,"12,040 cubic ft",NA,"Giant Balloons","Raven Aerostar",NA,NA
"Babar",1,"1938, 1940","Macy's",NA,NA,NA,NA,NA,NA,NA,"Giant Balloons",NA,NA,NA
"Babar",2,"1991-1992","Nelvana LimitedThe Clifford Ross Company",NA,"50 Feet",NA,NA,NA,NA,"64","Giant Balloons","Raven Aerostar",NA,NA
"Babe",1,"1998","Universal Pictures","Manfred Bass","37 feet","60 feet","38 feet","364 lbs.","14,000 cubic ft.",NA,"Giant Balloons","Raven Aerostar",NA,NA
"Baby Shamu",1,"1986-1988","SeaWorld","Richard Murrey","65 feet",NA,"37 feet","300 lbs.","17,000 cubic ft.",NA,"Giant Balloons",NA,NA,NA
"Barney",1,"1994-2002","The Lyons Group (1994-1995)Lyrick Studios (1996-2000)HiT Entertainment (2001-2002)","Manfred Bass","58 feet","44 feet","30 feet",NA,"12,000 cubic ft.",NA,"Giant Balloons","Raven Aerostar",NA,NA
"Barney",2,"2003-2005","HiT Entertainment","Jerry Ospa","51.5 feet","53.3 feet","27 feet",NA,"15,370 cubic ft.",NA,"Giant Balloons","Raven Aerostar",NA,NA
"Barney Google",1,"1930","King Features Syndicate","Tony Sarg",NA,NA,NA,NA,NA,NA,"Giant Balloons","Goodyear Tire and Rubber Company",NA,NA
"Bart Simpson",1,"1990-1995","Fox, Inc.",NA,"67 feet",NA,"34 feet","750 lbs.","12,724 cubic ft.",NA,"Giant Balloons",NA,NA,NA
"Beethoven",1,"1993-1995, 2008","Universal Pictures","Manfred Bass","37 feet","76 feet",NA,"450 lbs.","15,750 cubic ft.",NA,"Giant Balloons","Raven Aerostar",NA,NA
"Betty Boop",1,"1985-1987, 1991-1992, 1995-1996","King Features",NA,"67 feet","38 feet","38 feet","425 lbs.","15,820 cubic ft.","40","Giant Balloons","Raven Aerostar",NA,NA
"Big Bird",1,"1988-2000","Children's Television Workshop (1988-1995, 1997-1999)Jim Henson Productions (1996)Sesame Workshop (2000)","Michael K. Frith","35 feet","67 feet","29 feet","450 lbs.","12,100 cubic ft.","50","Giant Balloons","Raven Aerostar",NA,NA
"Big Bird",2,"2001-2006","Sesame Workshop","Jennifer PalmerJerry Ospa","46 feet","63 feet","28 feet","468 lbs.","12,000 cubic ft.","80","Giant Balloons","Raven Aerostar",NA,NA
"Big Turk",1,"1928","Macy's","Tony Sarg",NA,"30 feet",NA,NA,NA,NA,"Giant Balloons","Goodyear Tire and Rubber Company",NA,NA
"Blue's Clues",1,"1999-2002","Nickelodeon","Manfred Bass","41 feet","63 feet","32 feet","500 lbs.","15,000 cubic ft.","58","Giant Balloons",NA,NA,NA
"Blue's Clues",2,"1999-2002","Nickelodeon",NA,NA,NA,NA,NA,NA,NA,"Giant Balloons",NA,NA,NA
"Blue's Clues",3,"2019-2022","Nickelodeon","Joel Naprstek",NA,NA,NA,NA,NA,NA,"Giant Balloons",NA,NA,NA
"Bluey",1,"2022-present","BBC Studios and Ludo Studio","Joey Ammons","52 feet","51 feet","37 feet",NA,NA,"90","Giant Balloons","Signs & Shapes International",NA,NA
"Bobo the Hobo",1,"1945","Macy's","Elizabeth Rodgers",NA,NA,NA,NA,NA,NA,"Giant Balloons","Goodyear Tire and Rubber Company",NA,NA
"Boob McNutt",1,"1930","Macy's","Tony Sarg",NA,NA,NA,NA,NA,NA,"Giant Balloons","Goodyear Tire and Rubber Company",NA,NA
"Bugs Bunny",1,"1989-1992","Warner Bros.","Jerry OspaManfred Bass","75 feet",NA,"34 feet",NA,NA,"40","Giant Balloons",NA,NA,NA
"Bullwinkle J. Moose",1,"1961-1983","The Kalmus Company (1961-1965)Macy's (1966-1983)",NA,"65 feet",NA,"35 feet","317 lbs.","8,200 cubic ft.","30","Giant Balloons","Goodyear Tire and Rubber Company","William R. LudwickJohn Grisak","30"
"Bullwinkle J. Moose",2,"1996, 1999-2000","Universal Studios Consumer Products Group","Manfred Bass","41 feet","68 feet","32 feet","475 lbs.","9,000 cubic ft.","50","Giant Balloons","Raven Aerostar",NA,"50"
"Bumpé",1,"1997","Skandiiplaay, LTD.","Manfred Bass","55 feet",NA,"33 feet",NA,"14,000 cubic ft.",NA,"Giant Balloons","Raven Aerostar",NA,NA
"Buzz Lightyear",1,"2008-2013","Disney·Pixar","Roger Gould","34.4 feet","67.7 feet","39.9 feet","600 lbs.",NA,"90","Giant Balloons",NA,NA,NA
"Cassie",1,"2000-2001","Sesame Workshop & Sony Pictures Family Entertainment Group","Manfred Bass",NA,"68 feet","27.5 feet","460 lbs.","13,600 cubic ft.",NA,"Giant Balloons",NA,NA,NA
"Cat",1,"1931","Macy's",NA,NA,NA,NA,NA,NA,NA,"Giant Balloons",NA,NA,NA
"Cat",2,"1931","Macy's","Tony Sarg",NA,NA,NA,NA,NA,"4","Giant Balloons",NA,NA,NA
"Charlie Brown",1,"2002-2005, 2012","United Features Syndicate (2002-2005)Peanuts Worldwide (2012)","John Piper","50.9 feet","53.4 feet","29.4 feet","576 pounds","13,300 cubic ft.",NA,"Giant Balloons",NA,NA,NA
"Charlie Brown",2,"2016-2018","Peanuts Worldwide","Laura Duphiney","46 feet","53 feet","31 feet","450 lbs.",NA,"90","Giant Balloons",NA,NA,NA
"Chase from PAW Patrol",1,"2017-present","Spin Master Ltd. and Nickelodeon","Jennifer Palmer","43.3 feet","59.8 feet","36.2 feet",NA,NA,"90","Giant Balloons","Raven Aerostar",NA,NA
"Cheesasaurus Rex",1,"2001-2003","Kraft Macaroni & Cheese","Jennifer PalmerJohn Piper","52 feet","61 feet","32 feet",NA,NA,NA,"Giant Balloons","Raven Aerostar",NA,NA
"Chicken Little",1,"2004-2005","Walt Disney Pictures","Jerry Ospa","60.5 feet","68.5 feet","26 feet","493 lbs.","12,700 cubic ft.",NA,"Giant Balloons",NA,NA,NA
"Christmas Stocking",1,"1937-1938","Macy's",NA,NA,"46 Feet",NA,NA,NA,NA,"Giant Balloons","Goodyear Tire and Rubber Company",NA,NA
"Clarence the Clown",1,"1940-1941","Macy's","Tony Sarg","57 feet",NA,NA,NA,"5,000 cubic ft.",NA,"Giant Balloons","Goodyear Tire and Rubber Company",NA,NA
"Clifford the Big Red Dog",1,"1990-1996, 2000-2004","Scholastic, Inc.","Manfred Bass","44 feet","60 feet","30 feet",NA,"12,500 cubic ft.","60 (1990-1996)90 (2000-2004)","Giant Balloons","Raven Aerostar",NA,NA
"Colicky Kid",1,"1933-1934","Macy's","Tony Sarg",NA,NA,NA,NA,NA,NA,"Giant Balloons","Goodyear Tire and Rubber Company",NA,NA
"Crocodile",1,"1948-1950, 1952-1953","Macy's","Elizabeth Rodgers",NA,"75 Feet",NA,NA,"4,500 Cubic ft","25","Giant Balloons","Goodyear Tire and Rubber Company",NA,NA
"Curious George",1,"1972","Knickerbocker Toy Company","Terry Bartel (figure)Manfred Bass (rest)",NA,NA,NA,NA,NA,NA,"Giant Balloons",NA,NA,NA
"Curious George",2,"2001","Vivendi Universal","Jerry Ospa","57 feet","46 feet","30 feet",NA,"11,600 cubic ft.",NA,"Giant Balloons","Raven Aerostar",NA,NA
"Dexter's Laboratory",1,"1998-2000","Cartoon Network","Manfred BassChris Battle","36 feet","57 feet","26 feet","640 pounds","21,700 cubic ft.",NA,"Giant Balloons","Raven Aerostar",NA,NA
"Diary of a Wimpy Kid",1,"2010-2015","ABRAMS Books (2010-2011, 2013-2015)ABRAMS Publishers (2012)",NA,"56 feet","60 feet","28 feet","280 lbs.",NA,"90","Giant Balloons",NA,"Jeff KinneyJennifer Palmer",NA
"Diary of a Wimpy Kid",2,"2016-2021","ABRAMS Children's Books",NA,"62 feet","62 feet","32 feet","330 lbs.",NA,"90","Giant Balloons",NA,"Jeff KinneyJoel Naprstek",NA
"Diary of a Wimpy Kid",3,"2022-present","ABRAMS Books",NA,"39 feet","45 feet","23 feet",NA,NA,"90","Giant Balloons",NA,"Jeff KinneyJoey Ammons",NA
"Donald Duck",1,"1935","Walt Disney Productions",NA,"30 feet",NA,NA,NA,NA,NA,"Giant Balloons","Goodyear Tire and Rubber Company","Walt DisneyTony Sarg",NA
"Donald Duck",2,"1939","Walt Disney Productions",NA,NA,NA,NA,NA,NA,NA,"Giant Balloons",NA,NA,NA
"Donald Duck",3,"1946","Walt Disney Productions","Louis Kennel",NA,NA,NA,NA,NA,NA,"Giant Balloons",NA,NA,NA
"Donald Duck",4,"1962-1972, 1984","Walt Disney Productions",NA,"60 feet","65 feet","30 feet","440 lbs.","10,000 cubic ft.","35","Giant Balloons","Goodyear Tire and Rubber Company","William Ludwick John Grisak",NA
"Dora the Explorer (character)",1,"2005-2009","Nickelodeon","Jennifer PalmerJerry Ospa","55 feet","43 feet","39 feet",NA,"14,250 cubic ft.","51 (Handling lines)80 (Handlers)","Giant Balloons",NA,NA,NA
"Dudley the Dragon",1,"1995","Meridian Worldwide","Manfred Bass","65 feet","45 feet","28 feet","470 lbs.","15,500 cubic ft.",NA,"Giant Balloons","Raven Aerostar",NA,NA
"Early Bird",1,"1928","Macy's","Tony Sarg",NA,"50 feet",NA,NA,NA,NA,"Giant Balloons","Goodyear Tire and Rubber Company",NA,NA
"Eben Bear",1,"1995-1998","Macy's (1995-1997)John Deere (1998)","Manfred Bass","62 feet",NA,"32 feet",NA,"12,128 cubic ft.","50","Giant Balloons","Raven Aerostar",NA,NA
"Eddie Cantor",1,"1934","United Artists","Tony Sarg","50 Feet",NA,NA,NA,NA,NA,"Giant Balloons","Goodyear Tire and Rubber Company",NA,NA
"Elephant",1,"1941","Macy's","Tony Sarg",NA,"39 feet",NA,NA,NA,NA,"Giant Balloons","Goodyear Tire and Rubber Company",NA,NA
"Elsie the Cow",1,"1955","The Borden Company","Bill Tracy",NA,NA,NA,NA,NA,NA,"Giant Balloons",NA,NA,NA
"Elsie the Cow",2,"1963-1967","The Borden Company",NA,"40 feet",NA,NA,NA,"10,306 cubic ft.",NA,"Giant Balloons","Goodyear Tire and Rubber Company",NA,NA
"Father Knickerbocker",1,"1936","Macy's","Tony Sarg","68 feet",NA,NA,NA,"5,800 cubic ft.","35","Giant Balloons","Goodyear Tire and Rubber Company",NA,NA
"Felix the Cat",1,"1932-1933","Macy's","Tony Sarg",NA,NA,NA,NA,NA,"4","Giant Balloons","Goodyear Tire and Rubber Company",NA,NA
"Felix the Cat",2,"2016","DreamWorks Classics","Laura Duphiney","21 Feet","15 Feet","20 Feet",NA,"1,950 cubic ft.",NA,"Giant Balloons",NA,NA,NA
"Ferdinand the Bull",1,"1938","Munro LeafWalt Disney Productions","Tony Sarg","32 feet","43 feet",NA,NA,"4,500 cubic ft.",NA,"Giant Balloons","Goodyear Tire and Rubber Company",NA,NA
"Flying Fish",1,"1950-1952","Macy's","Elizabeth Rodgers",NA,"60 feet",NA,NA,"6,500 cubic ft.",NA,"Giant Balloons","Goodyear Tire and Rubber Company",NA,NA
"Flying Fish",2,"1953-1954","Macy's","Elizabeth Rodgers",NA,"60 feet",NA,NA,"6,500 cubic ft.",NA,"Giant Balloons","Goodyear Tire and Rubber Company",NA,NA
"Flying Fish",3,"1996-1997, 1999-2001, 2003-2008, 2013","Macy's","Manfred Bass","22 feet","35 feet","19 feet","150 lbs.","3,770 cubic ft.","28","Giant Balloons","Macy's Parade Studio",NA,"16"
"Flying Trapeze (1962)",1,"1962","Macy's",NA,"30 feet",NA,"20 feet","150 lbs.",NA,NA,"Giant Balloons","Goodyear Tire and Rubber Company",NA,NA
"Freida the Dachshund",1,"1949-1951, 1953-1955","Macy's","Elizabeth Rodgers",NA,"63 feet",NA,"200 lbs.",NA,NA,"Giant Balloons","Goodyear Tire and Rubber Company",NA,NA
"Freida the Dachshund",2,"2003-2005, 2009, 2011 (Main Parade)2003-2006 (Universal Studios)","Universal Orlando Resort (2003)Macy's (2004-2005, 2009, 2011)","Jennifer Palmer","21 feet","52 feet","14 feet",NA,"2,600 cubic ft.","14","Giant Balloons","Raven Aerostar",NA,NA
"Fritz the Dachshund",1,"1932-1933","Macy's","Tony Sarg",NA,"50 feet",NA,NA,NA,NA,"Giant Balloons","Goodyear Tire and Rubber Company",NA,NA
"Garfield",1,"1984-1989, 1992-1999","United Features Syndicate (1984-1986)United Media (1987-1989, 1992-1993)Paws, Inc. (1994-1999)","Rod Reuter","35 feet","61 feet","35 feet","398 lbs.","18,907 cubic ft.","36","Giant Balloons","Raven Aerostar",NA,NA
"Garfield",2,"2003-2006","Paws, Inc. (2003-2004) 20th Century Fox Home Entertainment (2005-2006)","Jennifer Palmer","48 feet","49 feet","34 feet",NA,"14,000 cubic ft.",NA,"Giant Balloons","Raven Aerostar",NA,NA
"George the Giant Drum Major",1,"1932","Macy's","Tony Sarg",NA,NA,NA,NA,NA,NA,"Giant Balloons","Goodyear Tire and Rubber Company",NA,NA
"Giantess",1,"1928","Macy's","Tony Sarg",NA,NA,NA,NA,NA,NA,"Giant Balloons","Goodyear Tire and Rubber Company",NA,NA
"Gnome",1,"1947-1951","Macy's","Elizabeth Rodgers","39 feet",NA,NA,NA,NA,NA,"Giant Balloons","Goodyear Tire and Rubber Company",NA,NA
"Gobble the Turkey",1,"1929","Macy's","Tony Sarg",NA,NA,NA,NA,NA,NA,"Giant Balloons","Goodyear Tire and Rubber Company",NA,NA
"Goku",1,"2018-2019, 2021-present","Funimation (2018)Toei Animation, Inc. (2019, 2021-present)",NA,"56 feet","70 feet","36 feet","796 lbs.",NA,"90","Giant Balloons",NA,NA,NA
"Goldfish",1,"1941","Macy's","Tony Sarg",NA,"52 feet",NA,NA,NA,"35","Giant Balloons","Goodyear Tire and Rubber Company",NA,NA
"Goldfish (1928)",1,"1928","Macy's","Tony Sarg",NA,"35 feet",NA,NA,NA,"6","Giant Balloons","Goodyear Tire and Rubber Company",NA,NA
"Goofy",1,"1992","The Walt Disney Company","Manfred Bass","65 feet",NA,"15 feet","460 lbs.","10,800 cubic ft.","34","Giant Balloons","Raven Aerostar",NA,NA
"Gorgeous Gobbler",1,"1954-1957, 1959-1961","Macy's","William Ludwick","50 feet","45 feet",NA,"305 lbs.","13,500 cubic ft.","45","Giant Balloons","Goodyear Tire and Rubber Company",NA,NA
"Gorgeous Gobbler",2,"2003","Macy's",NA,"23.5 feet","16.75 feet","18 feet",NA,NA,NA,"Giant Balloons","Raven Aerostar",NA,NA
"Green Eggs and Ham",1,"2019","Netflix","Joseph Ammons","46 feet","51 feet","27 feet","643 lbs","15,000 cubic ft.","90","Giant Balloons",NA,NA,NA
"Grogu",1,"2021-present","Funko and Lucasfilm","Joey Ammons","41 feet","29 feet","37 feet",NA,NA,"90","Giant Balloons",NA,NA,NA
"Gulliver The Gullible",1,"1933","Macy's","Tony Sarg",NA,"62 Feet",NA,NA,NA,"40","Giant Balloons","Goodyear Tire and Rubber Company",NA,NA
"Hamlet the Balloon School Pig",1,"2003-2008","Macy's",NA,"37 feet","60 feet","38 feet","364 lbs.","14,000 cubic ft.",NA,"Giant Balloons",NA,NA,NA
"Happy Dragon",1,"1960-1964, 1966-1981, 1991-1992","Macy's","William Ludwick","20 feet","75 feet","33 feet","300 lbs.","7,280 cubic ft.","22","Giant Balloons","Goodyear Tire and Rubber Company",NA,NA
"Happy Dragon",2,"2012, 2016-2017","Macy's","Joel Naprstek",NA,"58 feet",NA,NA,NA,NA,"Giant Balloons","Big Ideas Parade Giants",NA,NA
"Happy Hippo",1,"1940-1941","Macy's","Tony Sarg",NA,"20 Feet",NA,NA,NA,NA,"Giant Balloons","Goodyear Tire and Rubber Company",NA,NA
"Happy Hippo",2,"2001-2003, 2005-2006","Yahoo.com (2001)Macy's (2002-2003; 2005-2006)","Dany Jones","14 Feet","23 Feet","10 Feet","53 lbs",NA,"10","Giant Balloons","Raven Aerostar",NA,NA
"Happy Hippo",3,"2013, 2015-2016, 2021 (Main Parade)2013-2016 (Macy's Holiday Parade)","Macy's","Jessica Moretti","17 Feet","27 Feet","12 Feet",NA,NA,"36","Giant Balloons","Raven Aerostar",NA,NA
"Harold the Baseball Player",1,"1946","Macy's","Elizabeth Rodgers","46 feet",NA,NA,NA,"6,700 cubic ft.",NA,"Giant Balloons","Goodyear Tire and Rubber Company",NA,NA
"Harold the Baseball Player",2,"2017","Twentieth Century Fox Home Entertainment",NA,"30 feet",NA,"25 feet",NA,"3,500 cubic ft.","18","Giant Balloons","Raven Aerostar",NA,NA
"Harold the Fireman",1,"1948","Macy's","Elizabeth Rodgers",NA,NA,NA,NA,"6,700 cubic ft.",NA,"Giant Balloons","Goodyear Tire and Rubber Company",NA,NA
"Harold the Fireman",2,"1996-2017, 2019","Macy's",NA,"32 feet",NA,"26 feet",NA,"2,800 cubic ft.","30","Giant Balloons","Raven Aerostar",NA,NA
"Harold the Policeman",1,"1947","Macy's","Elizabeth Rodgers",NA,NA,NA,NA,"6,700 cubic ft.",NA,"Giant Balloons","Goodyear Tire and Rubber Company",NA,NA
"Harold the Policeman",2,"2011-2016","Macy's",NA,NA,NA,NA,NA,NA,"30","Giant Balloons","Raven Aerostar",NA,NA
"Hello Kitty",1,"2007-2011","Sanrio","Jennifer Palmer","33 feet","45 feet","34 feet",NA,"16,200 cubic ft.",NA,"Giant Balloons",NA,NA,NA
"Hello Kitty",2,"2012-2017","Sanrio, Inc","Jennifer Palmer","36 Feet","50 Feet","38 Feet",NA,NA,"90","Giant Balloons",NA,NA,NA
"Hobo Clown",1,"1949-1953","Macy's",NA,NA,NA,NA,NA,NA,NA,"Giant Balloons","Goodyear Tire and Rubber Company",NA,NA
"Honey Nut Cheerios Bee",1,"1999-2001","General Mills",NA,"37 feet","60 feet","33 feet",NA,"15,000 cubic ft.",NA,"Giant Balloons","Raven Aerostar",NA,NA
"Horace Horsecollar",1,"1934-1935","Walt Disney Productions",NA,"12 1/2 feet",NA,NA,NA,NA,NA,"Giant Balloons","Goodyear Tire and Rubber Company","Walt Disney and Tony Sarg",NA
"Horse And Rider (1929)",1,"1929","Macy's","Tony Sarg",NA,NA,NA,NA,NA,NA,"Giant Balloons","Goodyear Tire and Rubber Company",NA,NA
"Horton the Elephant",1,"2008-2010","Twentieth Century Fox Home Entertainment","Jennifer Palmer","48 feet","60 feet","31 feet","555 lbs.","14,060 cubic ft.","56","Giant Balloons",NA,NA,NA
"Howdy Doody",1,"1949","NBC","Elizabeth Rodgers",NA,NA,NA,NA,NA,NA,"Giant Balloons","Goodyear Tire and Rubber Company (Balloon)Martin Neil and Frank Mendez (Figure)",NA,NA
"Hugo the Football Hero",1,"1941","Macy's",NA,"75 feet",NA,"44 feet",NA,"9,000 cubic ft.",NA,"Giant Balloons","Goodyear Tire and Rubber Company",NA,NA
"Humming Bird",1,"1928","Macy's","Tony Sarg",NA,NA,NA,NA,NA,NA,"Giant Balloons","Goodyear Tire and Rubber Company",NA,NA
"Humpty Dumpty",1,"1926","Macy's","Norman Bel Geddes",NA,NA,NA,NA,NA,NA,"Giant Balloons",NA,NA,NA
"Humpty Dumpty",2,"1936","Macy's","Tony Sarg",NA,NA,NA,NA,NA,NA,"Giant Balloons",NA,NA,NA
"Humpty Dumpty",3,"1945","Macy's","Toy Float",NA,NA,NA,NA,NA,NA,"Giant Balloons",NA,NA,NA
"Humpty Dumpty",4,"1949","Macy's",NA,NA,NA,NA,NA,NA,NA,"Giant Balloons",NA,NA,NA
"Humpty Dumpty",5,"1955","Macy's",NA,NA,NA,NA,NA,NA,NA,"Giant Balloons",NA,NA,NA
"Humpty Dumpty",6,"1958","Macy's",NA,NA,NA,NA,NA,NA,NA,"Giant Balloons",NA,NA,NA
"Humpty Dumpty",7,"1964-1965","Macy's",NA,NA,NA,NA,NA,NA,NA,"Giant Balloons",NA,NA,NA
"Humpty Dumpty",8,"1973-1976","Macy's","Manfred Bass",NA,NA,NA,NA,NA,NA,"Giant Balloons",NA,NA,NA
"Humpty Dumpty",9,"1986","Macy's",NA,NA,"48 feet","32 feet","400 lbs","12,500 cubic ft.","45","Giant Balloons","Macy's Parade Studio",NA,NA
"Ice Age's Scrat and His Acorn",1,"2015-2017","Twentieth Century Fox","Joel Naprstek","41.3 feet","58.1 feet","24.7 feet","352 lbs.",NA,"54","Giant Balloons",NA,NA,NA
"Ice Cream Cone (1945)",1,"1945-1946","Macy's","Elizabeth Rodgers","35 feet",NA,NA,NA,"3,500 Cubic ft",NA,"Giant Balloons","Goodyear Tire and Rubber Company",NA,NA
"Indian",1,"1935-1936","Macy's","Tony Sarg","58 feet",NA,NA,NA,NA,NA,"Giant Balloons","Goodyear Tire and Rubber Company",NA,NA
"Izzy",1,"1993-1995","1996 Atlanta Committee for the Olympic Games",NA,"65 feet",NA,NA,NA,NA,NA,"Giant Balloons","Raven Aerostar",NA,NA
"Jeeves",1,"1999","Ask Jeeves","Michael Fontana",NA,NA,NA,NA,NA,NA,"Giant Balloons",NA,NA,NA
"Jeeves",2,"2000-2002, 2004","Ask Jeeves","Marcos Sorensen","39 feet","70 feet","25 feet",NA,"14,700 cubic ft.","50","Giant Balloons",NA,NA,NA
"Jerry the Pig",1,"1932-1933","Macy's","Tony Sarg",NA,"30 feet",NA,NA,NA,NA,"Giant Balloons","Goodyear Tire and Rubber Company",NA,NA
"Jett from Super Wings",1,"2017-2019","Alpha Group","Eric Hudspeth","31 feet","47 feet","39 feet",NA,NA,"90","Giant Balloons","Raven Aerostar",NA,NA
"Jimmy Neutron",1,"2001-2003","Nickelodeon","Jerry Ospa","46 feet","58 feet","31 feet","482 lbs","12,300 cubic ft","50","Giant Balloons",NA,NA,NA
"Joe Jinks",1,"1930","The New York World","Tony Sarg",NA,NA,NA,NA,NA,NA,"Giant Balloons","Goodyear Tire and Rubber Company",NA,NA
"JoJo's Circus",1,"2005-2007","Disney Channel (2005-2007)Playhouse Disney (2006)","Jennifer PalmerJerry Ospa","63 feet","55 feet","32 feet",NA,"14,700 cubic ft.","50","Giant Balloons",NA,NA,NA
"Julius",1,"2011-2013","Paul Frank","Paul Frank","41 feet","65 feet","39 feet",NA,"14,000 cubic ft.",NA,"Giant Balloons",NA,NA,NA
"Kermit the Frog",1,"1977-1987, 1990-1991","Henson Associates (1977-1986)Jim Henson Productions (1987, 1990-1991)","Woody Woodward","63 feet","63 feet","24 feet","200 pounds","5,220 cubic ft.","25","Giant Balloons",NA,NA,NA
"Kermit the Frog",2,"2002-2004, 2007-2012","The Jim Henson Company (2002-2003)The Muppets (2004)The Muppets Studio (2007-2009)Disney (2010)The Walt Disney Company (2011-2012)","Jennifer Palmer & Jerry Ospa","61 feet","78 feet","36 feet","515 pounds","11,000 cubic ft.",NA,"Giant Balloons",NA,NA,NA
"Kitty",1,"1931","Macy's",NA,"12 feet","22 feet",NA,NA,NA,"4","Giant Balloons","Goodyear Tire and Rubber Company",NA,NA
"Leo",1,"2023-present","Netflix, Inc.","Simon Fisher","41 feet","73 feet","27 feet",NA,NA,"90","Giant Balloons",NA,NA,NA
"Linus the Lionhearted",1,"1964-1983, 1991","Post Cereals (1964-1968)Macy's (1969-1983, 1991)",NA,"55 feet",NA,"26 feet","220 lbs.","9,000 cubic ft.","45","Giant Balloons","Goodyear Tire and Rubber Company","Bill LudwickGeorge Lucas","43"
"Little Bill",1,"2002-2004","Nickelodeon","Jennifer PalmerJerry Ospa","48 Feet","54.2 Feet","34 Feet",NA,"12,000 Cubic ft.","90","Giant Balloons","Raven Aerostar",NA,NA
"Little Man-Big Man",1,"1938-1939 (main parade)  1939-1941 (Santason Parade)","Macy's","Rudolf Lopez",NA,"68 Feet",NA,NA,NA,NA,"Giant Balloons","Goodyear Tire and Rubber Company",NA,NA
"M&M's",1,"1995-1997","M&M's Chocolate Candies","Manfred Bass",NA,NA,NA,NA,NA,NA,"Giant Balloons",NA,NA,NA
"M&M's",2,"1998-2003","M&M's Chocolate Candies",NA,NA,NA,NA,NA,NA,NA,"Giant Balloons",NA,NA,NA
"M&M's",3,"2004-2006","M&M's Chocolate Candies","Jennifer Palmer","50.5 feet","40 feet","30.5 feet","515 lbs.","13,335 cubic ft.","48","Giant Balloons","Raven Aerostar",NA,NA
"M&M's",4,"2007-2009","M&M's Chocolate Candies (2007)Masterfoods USA (2008)Mars Chocolate North America (2009)","Joel Naprstek",NA,NA,NA,NA,NA,NA,"Giant Balloons",NA,NA,NA
"Mickey Mouse",1,"1934-1935","Disney Enterprises",NA,"40 feet",NA,"26 feet",NA,"2,664 cubic ft","25","Giant Balloons","Goodyear Tire and Rubber Company","Walt Disney and Tony Sarg",NA
"Mickey Mouse",2,"1971-1983","Walt Disney Productions","Linda Smith","57 feet","65 feet","30 feet","350 lbs.","9,500 cubic ft.","36","Giant Balloons","Goodyear Tire and Rubber Company",NA,NA
"Mickey Mouse",3,"2000","The Walt Disney Company","Manfred Bass","40 feet","66 feet","35 feet","415 lbs.","14,000 cubic ft.",NA,"Giant Balloons","Raven Aerostar",NA,NA
"Mickey Mouse",4,"2009-2012","Disney Cruise Line",NA,"61 feet","48 feet","33 feet","608 lbs.","14,750 cubic ft.","90","Giant Balloons","Raven Aerostar","Jennifer PalmerBrian Blackmore",NA
"Mighty Mouse",1,"1951-1956","Terrytoons","Elizabeth Rodgers","69 feet","69 feet","42 feet","505 lbs.","10,000 cubic ft.","30","Giant Balloons","Goodyear Tire and Rubber Company",NA,NA
"Monkey",1,"1933","Macy's","Tony Sarg",NA,NA,NA,NA,NA,NA,"Giant Balloons",NA,NA,NA
"Monkey D. Luffy",1,"2023-present","One Piece/Toei Animation Inc.",NA,"50 feet","43 feet","39 feet",NA,NA,"90","Giant Balloons",NA,NA,NA
"Monkey on the High Trapeze",1,"1948","Macy's","Elizabeth Rodgers",NA,NA,NA,NA,NA,NA,"Giant Balloons","Goodyear Tire and Rubber Company",NA,NA
"Monopoly",1,"1985","Parker Brothers","Manfred Bass",NA,NA,NA,NA,NA,NA,"Giant Balloons",NA,NA,NA
"Monopoly",2,"2002-2004","Parker Brothers","Jerry Ospa","42 feet","60.7 feet","24.4 feet",NA,"12,650 cubic ft.",NA,"Giant Balloons","Raven Aerostar",NA,NA
"Morton the Nantucket Sea Monster",1,"1936","Macy's","Tony Sarg",NA,"125 feet",NA,NA,"8,300 cubic ft.","50","Giant Balloons","Goodyear Tire and Rubber Company",NA,NA
"Morton the Nantucket Sea Monster",2,"1937 (Main Parade)1938-1939 (Santason)","Macy's","Tony Sarg",NA,"125 feet",NA,NA,"8,300 cubic ft.","50","Giant Balloons","Goodyear Tire and Rubber Company",NA,NA
"Mr. Potato Head",1,"2005-2007","United States Potato Board","Jerry Ospa","42 feet","43 feet","37 feet","500 lbs.",NA,NA,"Giant Balloons",NA,NA,NA
"Observer",1,"1956-1957, 1960-1961","Macy's","Ralph Miller","30 feet",NA,"20 feet","150 Ibs.","10,000 cubic ft","24","Giant Balloons","Goodyear Tire and Rubber Company",NA,NA
"Officer SOS 13",1,"1937","Macy's","Tony Sarg","63 feet",NA,NA,NA,"5,800 cubic ft",NA,"Giant Balloons","Goodyear Tire and Rubber Company",NA,NA
"Ol' Man Pumpkin",1,"1945, 1947","Macy's","Elizabeth Rodgers",NA,NA,NA,NA,NA,NA,"Giant Balloons","Goodyear Tire and Rubber Company",NA,NA
"Olaf",1,"2017-2019","Walt Disney Animation Studios","Chris Buck","60 feet","59 feet","32 feet",NA,NA,"90","Giant Balloons",NA,NA,NA
"Old Man Dragon",1,"1929","Macy's","Tony Sarg",NA,"178 Feet",NA,NA,NA,NA,"Giant Balloons","Goodyear Tire and Rubber Company",NA,NA
"Olive Oyl",1,"1982-1985","King Features","Bob Kemp","75 feet",NA,"35 feet",NA,NA,"25","Giant Balloons",NA,NA,NA
"Olive Oyl",2,"1986","King Features",NA,"102 feet",NA,"35 feet","310 lbs.","12,500 cubic ft.","24","Giant Balloons","Raven Aerostar",NA,NA
"Paddington Bear",1,"1990-1992, 1997","Eden Toys (1990-1992) Copyright America (1997)",NA,NA,NA,NA,NA,NA,NA,"Giant Balloons",NA,NA,NA
"Paddington Bear",2,"2014-2016","The Weinstein Company (2014-2015)The Copyrights Group (2016)","Laura Duphiney","60 feet","54 feet","36 feet",NA,NA,NA,"Giant Balloons",NA,NA,NA
"Panda Bear",1,"1946-1947","Macy's",NA,"40 feet",NA,"30 feet",NA,"3,600 Cubic ft","33","Giant Balloons","Goodyear Tire and Rubber Company",NA,NA
"Papa Smurf",1,"2012-2014, 2021-2022","Sony Pictures Home Entertainment (2012-2014)IMPS/Nickelodeon (2021-2022)","Jennifer Palmer","51 feet","36 feet","29 feet",NA,NA,"90","Giant Balloons",NA,NA,NA
"Peter Rabbit",1,"1971","Metro Goldwyn Mayer","Manfred Bass",NA,NA,NA,NA,NA,NA,"Giant Balloons",NA,NA,NA
"Peter Rabbit",2,"1996-1998","Frederic Ward & Co.","Manfred Bass",NA,"60 feet","22 feet","443 lbs.","12,128 cubic ft.",NA,"Giant Balloons","Raven Aerostar",NA,NA
"Petula Pig",1,"1997, 1999","Macy's (1997)John Deere Company (1999)","Michael Fontana","36 feet",NA,"24 feet","187 pounds","4,928 cubic ft.",NA,"Giant Balloons","Raven Aerostar",NA,NA
"Pikachu",1,"2001-2005","The Pokémon Company (2001-2002)Pokémon USA, Inc. (2003-2005)","Jerry Ospa","30 feet","65 feet","30.8 feet",NA,"13,200 cubic feet","54","Giant Balloons",NA,NA,NA
"Pikachu",2,"2006-2013","Pokémon USA, Inc. (2006-2008)The Pokémon Company International (2009-2013)","Jennifer Palmer","53 feet","40 feet","36 feet",NA,"15,000 cubic feet",NA,"Giant Balloons",NA,NA,NA
"Pikachu",3,"2014-2020","The Pokémon Company International","Jessica Moretti","53 feet","36 feet","29 feet",NA,NA,"90","Giant Balloons",NA,NA,NA
"Pikachu",4,"2021-present","The Pokémon Company International","Eric Hudspeth","34 feet","48 feet","23 feet",NA,NA,"90","Giant Balloons",NA,NA,NA
"Pilgrim (1946)",1,"1946","Macy's","Elizabeth Rodgers","40 feet",NA,NA,NA,"4,000 cubic ft","20","Giant Balloons","Goodyear Tire and Rubber Company",NA,NA
"Pillsbury Doughboy",1,"2009-20132014-2022","Pillsbury","Jennifer Palmer","46.4 ft.","53.7 ft.","34.4 ft.","500 lbs.","12,280 cubic ft.","90","Giant Balloons","Raven Aerostar",NA,NA
"Pillsbury Doughboy",2,"2023-present","Pillsbury","Simon Fisher","55 feet","23 feet","33 feet",NA,NA,NA,"Giant Balloons",NA,NA,NA
"Pink Panther",1,"1988-1997","MGM/UA Communications Company (1988-1990, 1995)MGM-Pathé Communications (1991)MGM (1992-1994, 1996-1997)","Manfred Bass","72 feet","100 feet","40 feet","600 lbs.","12,500 cubic ft.","50","Giant Balloons","Raven Aerostar",NA,NA
"Pinocchio",1,"1937-1939","Macy's","Tony Sarg","40 feet",NA,NA,NA,NA,NA,"Giant Balloons","Goodyear Tire and Rubber Company",NA,NA
"Pinocchio",2,"1961-1962","Macy's",NA,NA,NA,NA,NA,NA,NA,"Giant Balloons",NA,NA,NA
"Pinocchio",3,"1965","Universal Pictures","Manfred Bass",NA,NA,NA,NA,NA,NA,"Giant Balloons",NA,NA,NA
"Pluto",1,"1934-1935","Walt Disney Productions",NA,NA,NA,NA,NA,NA,NA,"Giant Balloons","Goodyear Tire and Rubber Company","Walt Disney and Tony Sarg",NA
"Po from Kung Fu Panda",1,"2010-2012","DreamWorks Animation","Jennifer Palmer","42 feet","46 feet","34 feet",NA,"16,000 cubic ft.",NA,"Giant Balloons","Raven Aerostar",NA,NA
"Po from Kung Fu Panda",2,"2023-present","Universal Pictures' DreamWorks Animation",NA,"39 feet","49 feet","36 feet",NA,NA,NA,"Giant Balloons",NA,NA,NA
"Popeye",1,"1939","King Features","Tony Sarg",NA,NA,NA,NA,NA,NA,"Giant Balloons",NA,NA,NA
"Popeye",2,"1946, 1948","King Features","Louis Kennel",NA,NA,NA,NA,NA,NA,"Giant Balloons",NA,NA,NA
"Popeye",3,"1957-1967","Associated Artists Productions","Bill Ludwick","56 feet",NA,"13 feet","340 lbs.","9,700 cubic ft.",NA,"Giant Balloons","Goodyear Tire and Rubber Company",NA,NA
"Popeye",4,"1980","Paramount Pictures","Manfred Bass",NA,NA,NA,NA,NA,NA,"Giant Balloons",NA,NA,NA
"Power Rangers Mighty Morphin Red Ranger",1,"2014-2019","Power Rangers (2014)Saban Brands (2015-2017)Hasbro (2018-2019)","Nicolette DavenportJessica Moretti","56 feet","77 feet","26 feet",NA,NA,"90","Giant Balloons",NA,NA,NA
"Quik Bunny",1,"1988-1999","Nestlé","Manfred Bass","68 feet","28 feet","34 feet","520 lbs.","15,000 cubic ft.","40","Giant Balloons",NA,NA,NA
"Rabbit",1,"1933","Macy's","Tony Sarg",NA,NA,NA,NA,NA,NA,"Giant Balloons","Goodyear Tire and Rubber Company",NA,NA
"Raggedy Ann",1,"1975-1977","The Knickerbocker Toy Corporation (1975-1977)20th Century Fox (1976)",NA,NA,NA,NA,NA,NA,NA,"Giant Balloons",NA,NA,NA
"Raggedy Ann",2,"1984-1986, 1991","ITT's Character Licensing Inc. (1984) MacMillan (1985-1986)Macy's (1991)","Manfred Bass","62 feet",NA,"32 feet","375 lbs.","12,000 cubic ft.","28","Giant Balloons","Raven Aerostar",NA,NA
"Red Candy Cane",1,"1946, 1948","Macy's","Elizabeth Rodgers","46 feet",NA,NA,NA,NA,NA,"Giant Balloons","Goodyear Tire and Rubber Company",NA,NA
"Red Candy Cane",2,"2004-2006, 2008-2013, 2015-2016","Macy's",NA,"20 feet",NA,NA,NA,NA,NA,"Giant Balloons","Macy's Parade Studio",NA,NA
"Red Titan",1,"2020-present","Sunlight Entertainment and pocket.watch","Eric Hudspeth","42 feet","51 feet","29 feet",NA,NA,"25 (2020)90 (2021-present)","Giant Balloons",NA,NA,NA
"Rex",1,"1993","Universal Studios",NA,NA,"84 feet","22 feet",NA,NA,NA,"Giant Balloons","Raven Aerostar",NA,NA
"Ronald McDonald",1,"1987-1990, 1993-1994","McDonald's","Manfred BassJerome Walker","68 feet",NA,"32 feet","470 lbs.","12,200 cubic ft.","50","Giant Balloons","Raven Aerostar",NA,NA
"Ronald McDonald",2,"2000-2008","McDonald's",NA,"44 feet","63 feet","23 feet","375 lbs.","12,500 cubic ft.","55","Giant Balloons","Raven Aerostar",NA,NA
"Ronald McDonald",3,"2009-2014","McDonald's","Jerry Ospa","48.6 feet","76.4 feet","28.8 feet",NA,"13,650 cubic ft.","90","Giant Balloons","Raven Aerostar",NA,NA
"Ronald McDonald",4,"2015-2020","McDonald's","Laura Duphiney","67 feet","61 feet","29 feet",NA,NA,"90","Giant Balloons","Raven Aerostar",NA,NA
"Ronald McDonald",5,"2021-Present","McDonald's","Joey Ammons","40 feet","68 feet","31 feet",NA,NA,"90","Giant Balloons","Macy's Parade Studio",NA,NA
"Rugrats",1,"1997-2001","Nickelodeon","Manfred BassMichael Fontana","48 feet","60 feet","28 feet","450 lbs.","16,780 cubic ft.","30","Giant Balloons","Raven Aerostar",NA,NA
"Santa Claus",1,"1939-1941","Macy's","Tony Sarg","57 Feet",NA,NA,NA,NA,NA,"Giant Balloons","Goodyear Tire and Rubber Company",NA,NA
"Scooby-Doo",1,"2005-2007","Warner Bros. Consumer Products","Jennifer Palmer","41.7 Feet","65 Feet","30 Feet",NA,"13,200 cubic ft.","80","Giant Balloons","Raven Aerostar",NA,NA
"Sea Serpent",1,"1941","Macy's","Tony Sarg",NA,"75 feet",NA,NA,NA,NA,"Giant Balloons","Goodyear Tire and Rubber Company",NA,NA
"Shrek (character)",1,"2007-2010","DreamWorks Animation","Jennifer Palmer","44 feet","48.1 feet","39.3 feet","600 lbs.","14,130 cubic ft.",NA,"Giant Balloons","Raven Aerostar",NA,NA
"Sinclair Oil Corporation",1,"1963-1976","Sinclair Oil Corporation (1963-1968)Macy's (1969-1976)",NA,"28 feet","60 feet","20 feet","295 lbs.","7,840 cubic ft.","26","Giant Balloons","Goodyear Tire and Rubber Company",NA,NA
"Sinclair Oil Corporation",2,"1966","Sinclair Oil Corporation","Manfred Bass",NA,NA,NA,NA,NA,NA,"Giant Balloons",NA,NA,NA
"Sinclair Oil Corporation",3,"2015-2021","Sinclair Oil Corporation","Laura Duphiney","36 feet","72 feet","24 feet","349 lbs.","11,370 cubic ft.","90","Giant Balloons","Raven Aerostar",NA,NA
"Sinclair Oil Corporation",4,"2018-present","Sinclair Oil Corporation (2018-2022)HF Sinclair (2023-present)","Laura Duphiney",NA,NA,NA,NA,NA,"12","Giant Balloons","Signs & Shapes International",NA,NA
"Sinclair Oil Corporation",5,"2022-present","Sinclair Oil (2022)HF Sinclair (2023-present)","Joseph Ammons","49 feet","68 feet","26 feet",NA,NA,"90","Giant Balloons","Macy's Parade Studio",NA,NA
"Sky Dancer",1,"1995-1996","Abrams Gentile Entertainment Inc.","Manfred Bass","68 feet",NA,NA,NA,"11,000 cubic ft.","50","Giant Balloons","Raven Aerostar",NA,NA
"Sky Elephant",1,"1928","Macy's","Tony Sarg",NA,"40 feet",NA,NA,NA,NA,"Giant Balloons","Goodyear Tire and Rubber Company",NA,NA
"Sky Tiger",1,"1928","Macy's","Tony Sarg",NA,"60 feet",NA,NA,NA,NA,"Giant Balloons","Goodyear Tire and Rubber Company",NA,NA
"Skylanders' Eruptor",1,"2014-2016","Activision Publishing, Inc.","Joel Naprstek","36 feet","50 feet","36 feet",NA,NA,"77","Giant Balloons",NA,NA,NA
"Smile",1,"1971-1972","Macy's",NA,"27 feet","27 feet","27 feet","290 lbs.","10,306 cubic ft.",NA,"Giant Balloons","Goodyear Tire and Rubber Company",NA,NA
"Smokey Bear",1,"1966-1981, 1993","General Electric Company (1966)The Cooperative Forest Fire Prevention Program (1966-1971)Macy's (1972-1981)United States Department of Agriculture - Forest Service (1993)","Bill LudwickRalph MillerStanley Devies","58 feet",NA,"30.6 feet","420 lbs.","9,920 cubic ft.","36","Giant Balloons","Goodyear Tire and Rubber Company",NA,NA
"Smokey Bear",2,"2019-present","United States Department of Agriculture - Forest Service","Laura Duphiney","51 feet","16 feet","25 feet",NA,NA,"40","Giant Balloons","Big Ideas Parade Giants",NA,NA
"Smurf",1,"2008-2011","Lafig Belgium/Sony Pictures Entertainment","Jennifer Palmer","47 feet","57 feet","28 feet",NA,"15,050 cubic ft.",NA,"Giant Balloons",NA,NA,NA
"Snoopy",1,"1968, 1978-1982, 1985","United Media","William Ludwick","50 feet",NA,"27 feet","540 lbs.","8,500 cubic ft.","40","Giant Balloons","Goodyear Tire and Rubber Company",NA,NA
"Snoopy",2,"1969-1977","United Media","John Grisak","50 feet",NA,"27 feet","540 lbs.","8,900 cubic ft.","40","Giant Balloons","Goodyear Tire and Rubber Company",NA,NA
"Snoopy",3,"1987","United Media",NA,"62 feet",NA,"20 feet","343 lbs.","11,700 cubic ft.","34","Giant Balloons","Raven Aerostar","Manfred BassCharles Schulz",NA
"Snoopy",4,"1988-1995","United Media",NA,"50 feet (Snoopy)24 feet (Woodstock)",NA,"25 feet (Snoopy)18 feet (Woodstock)","310 lbs. (Snoopy)70 lbs. (Woodstock)","9,000 cubic ft.  (Snoopy)1,400 cubic ft. (Woodstock)","28 (Snoopy)4 (Woodstock)","Giant Balloons","Raven Aerostar","Manfred Bass (Snoopy)Charles Schulz (Woodstock)",NA
"Snoopy",5,"1999-2001","United Media (1999-2000)United Feature Syndicate (2001)","Manfred Bass","47 feet","64 feet","28 feet",NA,"15,650 cubic ft.",NA,"Giant Balloons","Raven Aerostar",NA,NA
"Snoopy",6,"2006-2011","United Feature Syndicate (2006-2009)PEANUTS Worldwide (2010-2011)","Jennifer Palmer","52 feet","49 feet","25 feet",NA,"15,000 cubic ft.","50","Giant Balloons","Raven Aerostar",NA,NA
"Snoopy",7,"2013-2015","PEANUTS Worldwide","Laura Duphiney","38 feet","67 feet",NA,NA,NA,"90","Giant Balloons","Raven Aerostar",NA,NA
"Snoopy",8,"2019-2022","PEANUTS Worldwide","Joseph Ammons","49 feet","43 feet","29 feet","760 lbs.",NA,"90","Giant Balloons","Raven Aerostar",NA,NA
"Snoopy",9,"2023-present","PEANUTS Worldwide","Simon Fisher","50 feet","42 feet","34 feet",NA,NA,NA,"Giant Balloons",NA,NA,NA
"Snuggle Bear",1,"1987-1994","Lever Brothers Company","Manfred BassNicholas Gamarello","58 feet","58 feet","32 feet","312 lbs.","10,500 cubic ft.","50","Giant Balloons","Raven Aerostar",NA,NA
"Sonic the Hedgehog",1,"1993-1997","Sega of America, Inc.","Manfred Bass","64 feet",NA,"26 feet",NA,"18,900 cubic ft.",NA,"Giant Balloons",NA,NA,NA
"Sonic the Hedgehog",2,"2011-2013, 2021","SEGA",NA,"50 feet","65 feet","37 feet","350 lbs.",NA,NA,"Giant Balloons",NA,NA,NA
"Spaceman",1,"1952-1955, 1957-1959","Macy's","Ralph Miller","70 feet",NA,"40 feet","600 lbs","14,700 cubic ft.","40","Giant Balloons","Goodyear Tire and Rubber Company",NA,NA
"Spider-Man",1,"1987-1998","Marvel Entertainment Group (1987, 1997)Marvel Comics (1988-1996, 1998)",NA,NA,"78 feet","36 feet","400 lbs.","9,520 cubic ft.","40 (1987-1997)90 (1998)","Giant Balloons","Raven Aerostar","Manfred BassJohn Romita Sr.",NA
"Spider-Man",2,"2009-2014","Marvel Entertainment (2009-2014)Sony Pictures Home Entertainment (2013)",NA,"29 feet","78 feet","37 feet",NA,"11,800 cubic ft.","90","Giant Balloons","Raven Aerostar","Jennifer PalmerJerry Ospa","54"
"SpongeBob SquarePants",1,"2004-2006, 2008-2012","Nickelodeon","Jerry Ospa","62 feet","28 feet","38 feet","785 lbs.","16,200 cubic ft.","70","Giant Balloons",NA,NA,NA
"SpongeBob SquarePants",2,"2013-2018","Nickelodeon","Harry Moore","44 feet","41 feet","34 feet",NA,NA,"90","Giant Balloons",NA,NA,NA
"SpongeBob SquarePants",3,"2019-present","Nickelodeon","Laura DuphineyEirik Payne","44 feet","46 feet","36 feet","896 lbs.","18,000 cubic ft.","90","Giant Balloons",NA,NA,NA
"Stuart the Minion",1,"2022-Present","Universal Pictures/Illumination","Loryn Sotsky","37 feet","40 feet","28 feet",NA,NA,"90","Giant Balloons","Macy's Parade Studio",NA,NA
"Super Grover",1,"2003-2006","Sesame Workshop","Jennifer PalmerLouis Henry Mitchell","38.8 feet","66 feet","39.9 feet",NA,"13,400 cubic ft.","90","Giant Balloons","Raven Aerostar",NA,NA
"Superman",1,"1940","Detective Comics, Inc.","Tony Sarg","75 feet","14 feet deep","44 feet",NA,"9,000 cubic ft.","27","Giant Balloons","Goodyear Tire and Rubber Company",NA,NA
"Superman",2,"1966-1970","National Periodical Publications","Ralph Miller","65 feet",NA,"33 feet","480 lbs.","9,483 cubic ft.","36","Giant Balloons","Goodyear Tire and Rubber Company",NA,NA
"Superman",3,"1980-1987","DC Comics","Sid Smith",NA,"104 feet","35 feet","550 lbs.","12,000 cubic ft.","48","Giant Balloons","Goodyear Tire and Rubber Company",NA,NA
"Teddy Bear",1,"1945, 1949, 1952","Macy's","Elizabeth Rodgers","40 feet",NA,"30 feet",NA,"3,600 cubic ft.","33","Giant Balloons","Goodyear Tire and Rubber Company",NA,NA
"The Big Bad Wolf",1,"1934-1935","Walt Disney Productions",NA,NA,NA,NA,NA,NA,"30","Giant Balloons","Goodyear Tire and Rubber Company","Walt Disney & Tony Sarg",NA
"The Boss Baby",1,"2020-2022","DreamWorks Animation and Universal Studios","Joel Naprstek","48 feet","32 feet","28 feet",NA,NA,"25 (2020)90 (2021-2022)","Giant Balloons","Signs & Shapes International",NA,NA
"The Cat in the Hat",1,"1994-1997","Random House Publishing (1994-1997)Esprit de Corp (1995-1996)","Manfred Bass","59 feet","40 feet","35 feet",NA,"14,500 cubic ft.","40","Giant Balloons",NA,NA,NA
"The Elf on the Shelf",1,"2012-2020","CCA and B, LLC (2012-2014)Elf on the Shelf (2015-2019)The Lumistella Company (2020)","Jennifer PalmerLaura Duphiney","46 feet","64 feet","28 feet",NA,NA,"90","Giant Balloons",NA,NA,NA
"The Goops",1,"1930","Macy's","Tony Sarg",NA,NA,NA,NA,NA,NA,"Giant Balloons","Goodyear Tire and Rubber Company",NA,NA
"The Grinch",1,"1997, 2002 (Main Parade), 2002-2004 (Universal)","Determined Productions (1997)Universal Orlando Resort (2002)","Manfred Bass",NA,NA,NA,NA,NA,NA,"Giant Balloons",NA,NA,NA
"The Grinch",2,"2017-2019","Illumination Entertainment","Zoro Rodriguez","37 feet","49 feet","24 feet",NA,NA,"90","Giant Balloons",NA,NA,NA
"The Inspector",1,"1929","King Features Syndicate","Tony Sarg",NA,NA,NA,NA,NA,NA,"Giant Balloons","Goodyear Tire and Rubber Company",NA,NA
"The Katzenjammer Kids",1,"1929-1930","King Features Syndicate","Tony Sarg",NA,NA,NA,NA,NA,NA,"Giant Balloons","Goodyear Tire and Rubber Company",NA,NA
"The Marx Brothers",1,"1935","Macy's","Tony Sarg","15 feet",NA,NA,NA,NA,NA,"Giant Balloons","Goodyear Tire and Rubber Company",NA,NA
"The Marx Brothers",2,"2003-2004, 2006","Macy's",NA,NA,NA,NA,NA,NA,NA,"Giant Balloons",NA,NA,NA
"The Tin Man",1,"1939","Metro Goldwyn Mayer",NA,"57 feet",NA,NA,NA,"5,000 cubic ft.",NA,"Giant Balloons","Goodyear Tire and Rubber Company",NA,NA
"The Tin Man",2,"1947-1948","Metro Goldwyn Mayer",NA,NA,NA,NA,NA,NA,NA,"Giant Balloons",NA,NA,NA
"The Turk",1,"1929, 1931-1932","Macy's","Tony Sarg",NA,NA,NA,NA,NA,NA,"Giant Balloons","Goodyear Tire and Rubber Company",NA,NA
"The Wizard of Oz",1,"1939","Metro Goldwyn Mayer",NA,NA,NA,NA,NA,NA,NA,"Giant Balloons",NA,NA,NA
"The Wizard of Oz",2,"1939","Metro Goldwyn Mayer",NA,NA,NA,NA,NA,NA,NA,"Giant Balloons",NA,NA,NA
"The Wizard of Oz",3,"1939","Metro Goldwyn Mayer",NA,NA,NA,NA,NA,NA,NA,"Giant Balloons",NA,NA,NA
"The Wizard of Oz",4,"1939","Metro Goldwyn Mayer",NA,NA,NA,NA,NA,NA,NA,"Giant Balloons",NA,NA,NA
"The Wizard of Oz",5,"1974-1976","Macy's",NA,NA,NA,NA,NA,NA,NA,"Giant Balloons",NA,NA,NA
"The Wizard of Oz",6,"1990","Turner Entertainment",NA,NA,NA,NA,NA,NA,NA,"Giant Balloons",NA,NA,NA
"The Wizard of Oz",7,"2013","Warner Bros. Home  Entertainment","Laura Duphiney","47 Feet",NA,NA,NA,NA,NA,"Giant Balloons",NA,NA,NA
"Thomas the Tank Engine",1,"2014-2016","Mattel, Inc. (2014-2015)Fisher-Price (2016)","Joel Naprstek","47 feet","51 feet","23 feet","450 lbs.","20,000 cubic ft.","90","Giant Balloons",NA,NA,NA
"Tiamat the Dragon",1,"1931","Macy's","Tony Sarg",NA,"175 feet",NA,NA,NA,NA,"Giant Balloons","Goodyear Tire and Rubber Company",NA,NA
"Tom Cat",1,"1931-1933","Macy's","Tony Sarg",NA,NA,NA,NA,NA,NA,"Giant Balloons","Goodyear Tire and Rubber Company",NA,NA
"Toothless",1,"2013-2015, 2018","DreamWorks Animation","Simon Otto and Zoro Rodriguez","48 feet","72 feet","36 feet",NA,NA,"90","Giant Balloons",NA,NA,NA
"Toy Soldier",1,"1950-1951, 1953-1954, 1957-1958","Macy's",NA,"45 Feet",NA,NA,NA,"3,000 cubic ft.",NA,"Giant Balloons","Goodyear Tire and Rubber Company",NA,NA
"Toy Soldier",2,"2001, 2003-2004, 2006 (Main Parade)2002-2013 (Macy's Holiday Parade)","Macy's",NA,"34 Feet","9.5 Feet","14 Feet","65 Pounds","1,800 cubic ft.","12","Giant Balloons","Raven Aerostar",NA,NA
"Trolls",1,"2016-2020","DreamWorks Animation  (2016-2020)Universal Pictures (2019-2020)","Zoro Rodriguez","38 feet","57 feet","38 feet",NA,NA,"90","Giant Balloons",NA,NA,NA
"Turkey (1935)",1,"1935-1936","Macy's",NA,"25 feet",NA,NA,NA,"3,000 Cubic ft",NA,"Giant Balloons","Goodyear Tire and Rubber Company",NA,NA
"Two-Headed Giant",1,"1931","Macy's","Tony Sarg","50 feet",NA,NA,NA,NA,"20","Giant Balloons","Goodyear Tire and Rubber Company",NA,NA
"Two-Headed Pirate",1,"1936","Macy's","Tony Sarg",NA,NA,NA,NA,NA,NA,"Giant Balloons","Goodyear Tire and Rubber Company",NA,NA
"Uncle Sam",1,"1938-1940","Macy's",NA,"75 feet","75 feet",NA,NA,"5,500 cubic ft.",NA,"Giant Balloons","Goodyear Tire and Rubber Company",NA,NA
"Uncle Sam",2,"2002-2006, 2008, 2010-2013","Macy's","Jennifer Palmer","39 feet",NA,NA,NA,NA,NA,"Giant Balloons","Raven Aerostar",NA,NA
"Underdog",1,"1965-1984","Total Television Productions (1965-1969)Macy's (1970-1984)",NA,"35 feet","63.6 feet","34.9 feet","320 lbs.","9,600 cubic ft.","30","Giant Balloons","Goodyear Tire and Rubber Company","William R. LudwickJoe Harris","30"
"Underdog",2,"1965-1966","Total Television Productions",NA,NA,NA,NA,NA,NA,NA,"Giant Balloons",NA,NA,NA
"Weebles",1,"1975-1978","Hasbro",NA,"40 feet","25 feet","25 feet","258 lbs.","14,500 cubic ft.","37","Giant Balloons","Goodyear Tire and Rubber Company",NA,NA
"Weebles",2,"2004-2006","Playskool","Astrid Riemer",NA,NA,NA,NA,NA,NA,"Giant Balloons","Raven Aerostar",NA,NA
"Wild Thing",1,"1998-1999, 2002-2003","Bell Atlantic (1998-1999) HarperCollins Children's Books (2002-2003)","Manfred Bass & Maurice Sendak","41 1/2 feet","66 feet","28 1/2 feet",NA,"21,000 cubic ft.",NA,"Giant Balloons",NA,NA,NA
"Willie Red Bird",1,"1932","Macy's","Tony Sarg","46 Feet",NA,NA,NA,NA,NA,"Giant Balloons","Goodyear Tire and Rubber Company",NA,NA
"Wobbly Head",1,"1928","Macy's","Tony Sarg",NA,NA,NA,NA,NA,NA,"Giant Balloons","Goodyear Tire and Rubber Company",NA,NA
"Woody Woodpecker",1,"1982-1996","Walter Lantz Productions (1982-1985)Universal Studios (1986-1996)","Walter LantzNicholas Gamarello","75 feet","75 feet","45 feet","450 Ibs","9,600 cubic ft.","35","Giant Balloons",NA,NA,NA
"Yogi Bear",1,"1983-1985","Hanna-Barbera",NA,"65 Feet","65 Feet","32 Feet","400 lbs","13,000 Cubic ft","30","Giant Balloons",NA,NA,NA
"Young Man on the Flying Trapeze",1,"1945, 1947","Macy's","Elizabeth Rodgers",NA,NA,NA,NA,NA,NA,"Giant Balloons","Goodyear Tire and Rubber Company",NA,NA
"75th Anniversary Parade Stars",1,"2001","Macy's",NA,"25 feet","12 feet deep","24 feet","50 lbs.","1,260 cubic ft.","24","Novelty Balloons",NA,NA,NA
"ABC Bouncing Balls",1,"1988-2000, 2002-2003","Children's Television Workshop (1988-1999)Sesame Workshop (2000, 2002-2003)","Michael Frith","10 feet","10 feet","10 feet","8 lbs.","525 cubic ft.","4","Novelty Balloons","Raven Aerostar",NA,NA
"Acorn",1,"2015-2017, 2021-present","Twentieth Century Fox (2015-2017)Macy's (2021-present)","Joel Naprstek","21 feet",NA,NA,NA,NA,"24","Novelty Balloons",NA,NA,NA
"American Star Ornaments",1,"1985-1992","Macy's","Manfred Bass","10 feet","10 feet","10 feet","8 lbs","525 cubic ft.","4","Novelty Balloons",NA,NA,NA
"Americana Ornaments",1,"1996","Macy's",NA,"10 feet",NA,NA,"8 lbs.","525 cubic ft.","8","Novelty Balloons",NA,NA,NA
"Americana Spheres",1,"1999-2000, 2002-2008","Macy's",NA,NA,NA,NA,NA,NA,NA,"Novelty Balloons",NA,NA,NA
"Americana Spheres",2,"2018","Macy's",NA,"14 feet","14 feet","14 feet",NA,NA,"32","Novelty Balloons",NA,NA,NA
"Arrtle the Pirate",1,"1947-1948","Macy's","Elizabeth Rodgers","43 feet",NA,NA,NA,"4,000 cubic ft.","20","Novelty Balloons","Goodyear Tire and Rubber Company",NA,NA
"Arrtle the Pirate",2,"2007-2010, 2015, 2018, 2021 (Main Parade)2007-2010 (Macy's Holiday Parade)","Macy's","Jennifer Palmer","36 feet",NA,"24.5 feet",NA,"3,600 cubic feet.","28","Novelty Balloons","Raven Aerostar",NA,NA
"Baby Shark",1,"2022-present","Nickelodeon","Eric Hudspeth","25 feet (Baby Shark)",NA,NA,NA,NA,"24","Novelty Balloons",NA,NA,NA
"Baseball",1,"1991-1999, 2002-2006","Macy's",NA,NA,NA,NA,NA,NA,NA,"Novelty Balloons",NA,NA,NA
"Baseball",2,"2007-2014, 2016","Macy's",NA,"12 feet",NA,"12 feet",NA,"900 cubic ft.","16","Novelty Balloons",NA,NA,NA
"Basketball",1,"1991-2000, 2002-2003","Macy's",NA,NA,NA,NA,NA,NA,NA,"Novelty Balloons",NA,NA,NA
"Basketball",2,"2009-2012","Macy's",NA,"15 feet","15 feet","15 feet",NA,"1,766 cubic ft.",NA,"Novelty Balloons","Macy's Parade Studio",NA,NA
"Beach Ball Clusters",1,"2007-2011; 2014","Macy's",NA,"25 Feet",NA,NA,NA,"2,858 Cubic ft.",NA,"Novelty Balloons",NA,NA,NA
"Big Man Santa",1,"2009-2012 2009-2016 (Universal)","Universal Orlando Resort (2009-2010)Macy's (2011-2012)","Robin Hall","26 feet",NA,"21 feet",NA,NA,NA,"Novelty Balloons",NA,NA,NA
"Blue & White Macy's Stars",1,"2003-20062017-2019, 2021-2022","Macy's",NA,"25 feet","12 feet deep","24 feet","50 lbs.","1,650 cubic ft.","24","Novelty Balloons","Macy's Parade Studio",NA,NA
"Blue Macy's Starflakes",1,"2017-2019, 2021-2022","Macy's",NA,NA,NA,NA,NA,NA,NA,"Novelty Balloons",NA,NA,NA
"Blue Starflakes",1,"2019, 2021-2022","Macy's","Jerry Ospa","25 feet","12 feet deep","24 feet","50 lbs.",NA,"24","Novelty Balloons",NA,NA,NA
"Bob the Minion",1,"2017-Present (Universal's Holiday Parade)","Illumination Animation",NA,NA,NA,NA,NA,NA,"22","Novelty Balloons",NA,NA,NA
"Charlie, Kit & C.J. Holiday Elves",1,"2000-2006, 2008-2017 (Charlie), 2004-2017 (Kit and C.J)","The John Deere Company (2000)Macy's (2001-2017)",NA,"34 feet",NA,"18 feet","99 lbs","2,100 cubic ft.","21","Novelty Balloons",NA,NA,NA
"Christmas String of Lights",1,"2015-2016 (Universal)2017 (Main Parade)","Macy's","Kate Mulhauser",NA,NA,NA,NA,NA,NA,"Novelty Balloons",NA,NA,NA
"Cloe the Holiday Clown",1,"1994-2003 (Main Parade)2002-2004 (Macy's Holiday Parade)","Macy's","Manfred Bass","28.5 feet",NA,"18 feet",NA,"2,241 cubic ft.",NA,"Novelty Balloons",NA,NA,NA
"Cloe the Holiday Clown",2,"2005-2009, 2011-2012 (Main Parade)2005-2012 (Macy's Holiday Parade)","Macy's","Dany JonesJoel Naprstek","28.5 feet",NA,"18 feet",NA,"2,242 cubic ft.",NA,"Novelty Balloons",NA,NA,NA
"Cloe the Holiday Clown",3,"2014 (Main Parade)2014-2016 (Macy's Holiday Parade)","Universal Orlando Resort",NA,"25 feet",NA,"16 feet",NA,NA,NA,"Novelty Balloons",NA,NA,NA
"Cool Cats",1,"2023-present","Cool Cats","Simon Fisher","34 feet","36 feet","27 feet",NA,NA,NA,"Novelty Balloons","Macy's Parade Studio",NA,NA
"Dolly",1,"2022 (Main Parade)2017-2021 (Universal)","Universal Orlando Resort",NA,NA,NA,NA,NA,NA,"35","Novelty Balloons",NA,NA,NA
"Flower Ornaments",1,"1985-1995 (yellow ball)1985-1996 (red ball)1985-1997 (white ball)","Macy's","Manfred Bass",NA,NA,NA,NA,NA,NA,"Novelty Balloons",NA,NA,NA
"Flying Fish",1,"1950-1952","Macy's","Elizabeth Rodgers",NA,"60 feet",NA,NA,"6,500 cubic ft.",NA,"Novelty Balloons","Goodyear Tire and Rubber Company",NA,NA
"Flying Fish",2,"1953-1954","Macy's","Elizabeth Rodgers",NA,"60 feet",NA,NA,"6,500 cubic ft.",NA,"Novelty Balloons","Goodyear Tire and Rubber Company",NA,NA
"Flying Fish",3,"1996-1997, 1999-2001, 2003-2008, 2013","Macy's","Manfred Bass","22 feet","35 feet","19 feet","150 lbs.","3,770 cubic ft.","28","Novelty Balloons","Macy's Parade Studio",NA,"16"
"Football",1,"1991-2001","Macy's",NA,NA,NA,NA,NA,NA,NA,"Novelty Balloons",NA,NA,NA
"Football",2,"2006-2007, 2010-2011, 2014","Macy's",NA,NA,NA,NA,NA,NA,"24","Novelty Balloons",NA,NA,NA
"Football",3,"2013","Macy's",NA,NA,NA,NA,NA,NA,NA,"Novelty Balloons",NA,NA,NA
"FOX Sports",1,"2022","FOX Sports","Joey Ammons","25 feet","25 feet","10 feet",NA,NA,"40","Novelty Balloons",NA,NA,NA
"Freida the Dachshund",1,"1949-1951, 1953-1955","Macy's","Elizabeth Rodgers",NA,"63 feet",NA,"200 lbs.",NA,NA,"Novelty Balloons","Goodyear Tire and Rubber Company",NA,NA
"Freida the Dachshund",2,"2003-2005, 2009, 2011 (Main Parade)2003-2006 (Universal Studios)","Universal Orlando Resort (2003)Macy's (2004-2005, 2009, 2011)","Jennifer Palmer","21 feet","52 feet","14 feet",NA,"2,600 cubic ft.","14","Novelty Balloons","Raven Aerostar",NA,NA
"FriendsWithYou",1,"2018","FriendsWithYou",NA,"22 feet",NA,"30 feet",NA,NA,"32","Novelty Balloons",NA,"Samuel Albert BorksonArturo Sandoval III",NA
"Fujifilm",1,"1995","Fujifilm","Manfred Bass",NA,NA,NA,NA,NA,NA,"Novelty Balloons",NA,NA,NA
"Fujifilm",2,"1995-1997","Fujifilm",NA,NA,NA,NA,NA,NA,NA,"Novelty Balloons","Raven Aerostar",NA,NA
"Fujifilm",3,"1996","Fujifilm and Paramount Pictures/Warner Bros.","Manfred Bass",NA,NA,NA,NA,NA,NA,"Novelty Balloons",NA,NA,NA
"Fujifilm",4,"1997","Fujifilm","Manfred Bass",NA,NA,NA,NA,NA,NA,"Novelty Balloons",NA,NA,NA
"Gazer the Elf",1,"2011","Macy's","Keith Lapinig","34 feet",NA,"18 feet",NA,"2,100 cubic ft.",NA,"Novelty Balloons",NA,NA,NA
"Geometric Ornaments",1,"1985-1994, 1998","Macy's","Manfred Bass","10 feet","10 feet","10 feet","8 lbs","525 lbs","4","Novelty Balloons",NA,NA,NA
"Geometrics",1,"2009-2012","Macy's",NA,"16 Feet",NA,NA,NA,"1,700 Cubic ft",NA,"Novelty Balloons",NA,NA,NA
"Gold Macy's Starflakes",1,"2017-2019 (Main Parade)2017-Present (Universal's Holiday Parade Featuring Macy's)","Macy's",NA,"25 feet","14 feet","24 feet","50 lbs.",NA,"24","Novelty Balloons",NA,NA,NA
"Gold Macy's Tri-Star",1,"2008 (Main Parade)2011-2016 (Macy's Holiday Parade)","Macy's",NA,NA,NA,NA,NA,NA,NA,"Novelty Balloons",NA,NA,NA
"Gorgeous Gobbler",1,"1954-1957, 1959-1961","Macy's","William Ludwick","50 feet","45 feet",NA,"305 lbs.","13,500 cubic ft.","45","Novelty Balloons","Goodyear Tire and Rubber Company",NA,NA
"Gorgeous Gobbler",2,"2003","Macy's",NA,"23.5 feet","16.75 feet","18 feet",NA,NA,NA,"Novelty Balloons","Raven Aerostar",NA,NA
"Green ""Believe"" Star",1,"2008-2010","Macy's",NA,"25 feet","12 feet deep","24 feet","50 lbs.","1,650 Cubic ft",NA,"Novelty Balloons",NA,NA,NA
"Green Candy Cane",1,"2006-2009","Macy's",NA,NA,NA,NA,NA,NA,NA,"Novelty Balloons",NA,NA,NA
"Green Macy's Stars",1,"2008-2012, 2014-2016 (Macy's Holiday Parade)","Macy's",NA,"25 feet","12 feet deep","24 feet","50 lbs.",NA,"12","Novelty Balloons",NA,NA,NA
"Handprint Spheres",1,"2006","Delta Air Lines",NA,NA,NA,NA,NA,NA,NA,"Novelty Balloons",NA,NA,NA
"Happy Dragon",1,"1960-1964, 1966-1981, 1991-1992","Macy's","William Ludwick","20 feet","75 feet","33 feet","300 lbs.","7,280 cubic ft.","22","Novelty Balloons","Goodyear Tire and Rubber Company",NA,NA
"Happy Dragon",2,"2012, 2016-2017","Macy's","Joel Naprstek",NA,"58 feet",NA,NA,NA,NA,"Novelty Balloons","Big Ideas Parade Giants",NA,NA
"Happy Hippo",1,"1940-1941","Macy's","Tony Sarg",NA,"20 Feet",NA,NA,NA,NA,"Novelty Balloons","Goodyear Tire and Rubber Company",NA,NA
"Happy Hippo",2,"2001-2003, 2005-2006","Yahoo.com (2001)Macy's (2002-2003; 2005-2006)","Dany Jones","14 Feet","23 Feet","10 Feet","53 lbs",NA,"10","Novelty Balloons","Raven Aerostar",NA,NA
"Happy Hippo",3,"2013, 2015-2016, 2021 (Main Parade)2013-2016 (Macy's Holiday Parade)","Macy's","Jessica Moretti","17 Feet","27 Feet","12 Feet",NA,NA,"36","Novelty Balloons","Raven Aerostar",NA,NA
"Harold the Baseball Player",1,"1946","Macy's","Elizabeth Rodgers","46 feet",NA,NA,NA,"6,700 cubic ft.",NA,"Novelty Balloons","Goodyear Tire and Rubber Company",NA,NA
"Harold the Baseball Player",2,"2017","Twentieth Century Fox Home Entertainment",NA,"30 feet",NA,"25 feet",NA,"3,500 cubic ft.","18","Novelty Balloons","Raven Aerostar",NA,NA
"Harold the Fireman",1,"1948","Macy's","Elizabeth Rodgers",NA,NA,NA,NA,"6,700 cubic ft.",NA,"Novelty Balloons","Goodyear Tire and Rubber Company",NA,NA
"Harold the Fireman",2,"1996-2017, 2019","Macy's",NA,"32 feet",NA,"26 feet",NA,"2,800 cubic ft.","30","Novelty Balloons","Raven Aerostar",NA,NA
"Harold the Policeman",1,"1947","Macy's","Elizabeth Rodgers",NA,NA,NA,NA,"6,700 cubic ft.",NA,"Novelty Balloons","Goodyear Tire and Rubber Company",NA,NA
"Harold the Policeman",2,"2011-2016","Macy's",NA,NA,NA,NA,NA,NA,"30","Novelty Balloons","Raven Aerostar",NA,NA
"Ice Cream Cone (1985)",1,"1985-1986","Macy's","Manfred Bass",NA,NA,NA,NA,NA,NA,"Novelty Balloons",NA,NA,NA
"Ice Cream Cone (2019)",1,"2019, 2021","Macy's",NA,"30 feet",NA,"17 feet",NA,NA,"36","Novelty Balloons",NA,NA,NA
"Ice Stars",1,"1987-2000","Macy's",NA,"24 feet","12 feet deep","24 feet","50 lbs.",NA,"8","Novelty Balloons",NA,NA,NA
"Jeff Koons",1,"2007","Jeff Koons","Jeff Koons","53.5 feet","17.9 feet","26.5 feet",NA,"4,650 cubic ft.",NA,"Novelty Balloons",NA,NA,NA
"KAWS",1,"2012","KAWS","Brian Donelly","28 feet","41 feet","24 feet",NA,"4,500 cubic ft",NA,"Novelty Balloons",NA,NA,NA
"Keith Haring",1,"2008","The Keith Haring Foundation",NA,"48 feet",NA,NA,NA,NA,NA,"Novelty Balloons",NA,NA,NA
"Lollipops",1,"1985-1988","Macy's","Bill Smith","25 feet","25 feet",NA,NA,NA,"12","Novelty Balloons",NA,NA,NA
"Macy's Pride Stars",1,"2005-2012 (NYC Pride March)2005-2008 (Macy's Holiday Parade)","Macy's",NA,NA,NA,NA,NA,NA,NA,"Novelty Balloons",NA,NA,NA
"Macy's Pride Stars",2,"2018-2019 (NYC Pride March)","Macy's","Joel Naprstek",NA,NA,NA,NA,NA,"12","Novelty Balloons",NA,NA,NA
"Macy's Thanksgiving Day Parade Stars",1,"2002-2005","Macy's",NA,"25 feet","12 feet deep","24 feet","50 lbs.","1,650 cubic ft.",NA,"Novelty Balloons",NA,NA,NA
"Madagascar Blimp",1,"2017-present","DreamWorks Animation","Eric Marchetta",NA,NA,NA,NA,NA,NA,"Novelty Balloons",NA,NA,NA
"Opening Macy's Stars",1,"2018-present","Macy's","Jennifer Palmer","25 feet","12 feet deep","24 feet","50 lbs.","1,650 cubic ft.","36","Novelty Balloons","Raven Aerostar",NA,NA
"Patriotic Macy's Star Array",1,"2007","Macy's",NA,NA,NA,NA,NA,NA,NA,"Novelty Balloons",NA,NA,NA
"Pennsylvania Dutch Ornaments",1,"1985-1995, 1997","Macy's","Manfred Bass","10 feet","10 feet","10 feet","8 lbs","525 cubic ft.","4","Novelty Balloons",NA,NA,NA
"Planet Earth",1,"1996","Macy's","Robert Hummel",NA,NA,NA,NA,NA,NA,"Novelty Balloons",NA,NA,NA
"Planet Earth",2,"2007-2013","Macy's (2007-2009)Power Rangers Samurai (2010-2011)Saban Brands (2012-2013)",NA,NA,NA,"14 Feet",NA,NA,NA,"Novelty Balloons",NA,NA,NA
"Poinsettia Ornaments",1,"1985-1995","Macy's","Manfred Bass","10 feet","10 feet","10 feet","8 lbs","525 cubic ft.","4","Novelty Balloons",NA,NA,NA
"Poinsettia Ornaments",2,"2004-2008; 2023-present","Macy's (2004-2008)Universal Orlando Resort (2023-present)",NA,"10 feet","10 feet","10 feet","8 lbs.","525 cubic ft.","4","Novelty Balloons",NA,NA,NA
"Pumpkins",1,"1992-1998","Macy's","Manfred Bass",NA,NA,NA,NA,NA,NA,"Novelty Balloons",NA,NA,NA
"Pumpkins",2,"2003-2011","Macy's",NA,NA,NA,NA,NA,NA,NA,"Novelty Balloons",NA,NA,NA
"Pumpkins",3,"2012-2017, 2019, 2021","Macy's",NA,"14 feet Each","14 feet Each","14 feet Each",NA,NA,"24","Novelty Balloons",NA,NA,NA
"Pumpkins",4,"2022-present","Macy's",NA,NA,NA,NA,NA,NA,NA,"Novelty Balloons",NA,NA,NA
"Raspberry Cheesecake Swirl/Chocolate Chunk Ice Cream Cone",1,"2006-2007","Macy's",NA,"35 feet",NA,"22 feet","86 lbs.","1,750 cubic ft.","10","Novelty Balloons",NA,NA,NA
"Red ""Believe"" Stars",1,"Original Versions2009-2014Current versions2015-2016; 2018-present","Macy's",NA,"25 feet","12 feet deep","24 feet","50 lbs.",NA,"24","Novelty Balloons",NA,NA,NA
"Red & Green Candy Cane",1,"2014, 2017, 2019, 2021 (original version)2022-present (current version)","Macy's (2014, 2019, 2019, 2021, 2022)Universal Orlando Resort (2023-present)",NA,"40 feet","20 feet","8 feet",NA,NA,"20","Novelty Balloons",NA,NA,NA
"Red and Green Macy's Star Array",1,"2008-2010 (Macy's Holiday Parade)","Macy's",NA,NA,NA,NA,NA,NA,NA,"Novelty Balloons",NA,NA,NA
"Red Candy Cane",1,"1946, 1948","Macy's","Elizabeth Rodgers","46 feet",NA,NA,NA,NA,NA,"Novelty Balloons","Goodyear Tire and Rubber Company",NA,NA
"Red Candy Cane",2,"2004-2006, 2008-2013, 2015-2016","Macy's",NA,"20 feet",NA,NA,NA,NA,NA,"Novelty Balloons","Macy's Parade Studio",NA,NA
"Red Macy's Stars",1,"2002-2008","Macy's",NA,"25 feet","12 feet deep","24 feet","50 lbs.","1,650 cubic ft.","24","Novelty Balloons","Macy's Parade Studio",NA,NA
"Sesquicentennial Hot Air Balloon",1,"2002-2003, 2008","Macy's","Jennifer Palmer",NA,NA,NA,NA,NA,"22","Novelty Balloons",NA,NA,NA
"Smokey Bear",1,"1966-1981, 1993","General Electric Company (1966)The Cooperative Forest Fire Prevention Program (1966-1971)Macy's (1972-1981)United States Department of Agriculture - Forest Service (1993)","Bill LudwickRalph MillerStanley Devies","58 feet",NA,"30.6 feet","420 lbs.","9,920 cubic ft.","36","Novelty Balloons","Goodyear Tire and Rubber Company",NA,NA
"Smokey Bear",2,"2019-present","United States Department of Agriculture - Forest Service","Laura Duphiney","51 feet","16 feet","25 feet",NA,NA,"40","Novelty Balloons","Big Ideas Parade Giants",NA,NA
"Snow Crystal Ornaments",1,"1985-1992","Macy's",NA,"10 feet","10 feet","10 feet","8 lbs.","525 cubic ft.","4","Novelty Balloons",NA,NA,NA
"Snow Crystal Ornaments",2,"2004, 2007, 2009-2012, 2017, 2021-present","Macy's",NA,"10 feet","10 feet","10 feet","8 lbs.","525 cubic ft.","16","Novelty Balloons",NA,NA,NA
"Soccer Ball",1,"2007, 2012","Macy's",NA,"12 feet","12 feet","12 feet",NA,"900 cubic ft.",NA,"Novelty Balloons","Macy's Parade Studio",NA,"8"
"Starfish",1,"1986","SeaWorld",NA,"25 feet","12 feet deep","24 feet wide","50 lbs.",NA,NA,"Novelty Balloons",NA,NA,NA
"Strawberry/Pistachio Ice Cream Cone",1,"1987-2003 (original)2005-2006, 2009-2011 (duplicate)","Macy's",NA,"35 feet",NA,"22 feet","86 lbs.","1,750 cubic ft.","10","Novelty Balloons",NA,NA,NA
"Sunny the Snowpal",1,"2018","Macy's",NA,"27.8 feet","17 feet","20.3 feet","193 lbs.",NA,"36","Novelty Balloons",NA,NA,NA
"Takashi Murakami",1,"2010","Kaikai Kiki Co., Ltd.",NA,NA,"40 feet",NA,NA,NA,NA,"Novelty Balloons",NA,"Takashi MurakamiLaura Duphiney",NA
"The Balloonatiks Superheroes",1,"1992","Animagic Entertainment Company",NA,NA,NA,NA,NA,NA,NA,"Novelty Balloons",NA,NA,NA
"The Christmas Chronicles",1,"2018, 2020","Netflix","Laura Duphiney","30 feet",NA,"20 feet (Fleck, Bjorn)16 feet (Jojo)",NA,NA,"40 (Fleck, Hugg)36 (Bjorn, Jojo)","Novelty Balloons",NA,NA,NA
"The Hottest Heart",1,"2022","adidas x Bad Bunny",NA,NA,NA,NA,NA,NA,"25","Novelty Balloons",NA,NA,NA
"The Nutcracker",1,"2017-Present (Universal's Holiday Parade) 2018-2020 (Main Parade)","Universal Orlando Resort",NA,"44 feet","16 feet deep","18.5 feet",NA,NA,"36","Novelty Balloons",NA,NA,NA
"Tim Burton",1,"2011","Tim Burton","Tim Burton","32 feet",NA,"19 feet",NA,NA,NA,"Novelty Balloons",NA,NA,NA
"Tim the Teddy",1,"2017-Present (Universal's Holiday Parade)","Illumination Animation",NA,NA,NA,NA,NA,NA,"9","Novelty Balloons",NA,NA,NA
"Tiptoe",1,"2021-Present","Macy's","Eric Hudspeth","17 feet",NA,NA,NA,NA,"7","Novelty Balloons",NA,NA,NA
"Tom Otterness",1,"2005-2006","Tom Otterness","Tom Otterness","33 feet","20 feet","27 feet","200 lbs.",NA,"25","Novelty Balloons",NA,NA,NA
"Toni, the Bandleader Bear",1,"2021","Macy's","Joseph Ammons","39 feet","28 feet","24 feet",NA,NA,NA,"Novelty Balloons",NA,NA,NA
"Toy Soldier",1,"1950-1951, 1953-1954, 1957-1958","Macy's",NA,"45 Feet",NA,NA,NA,"3,000 cubic ft.",NA,"Novelty Balloons","Goodyear Tire and Rubber Company",NA,NA
"Toy Soldier",2,"2001, 2003-2004, 2006 (Main Parade)2002-2013 (Macy's Holiday Parade)","Macy's",NA,"34 Feet","9.5 Feet","14 Feet","65 Pounds","1,800 cubic ft.","12","Novelty Balloons","Raven Aerostar",NA,NA
"Trixie the Bouncing Dog",1,"2016","Macy's","Laura Duphiney","40 feet","36 feet","15 feet",NA,NA,NA,"Novelty Balloons",NA,NA,NA
"Turkey of World Peace",1,"2004","Delta Air Lines","Alexander Mora",NA,NA,NA,NA,NA,NA,"Novelty Balloons",NA,NA,NA
"Uncle Dan",1,"2023-present","Illumination","Eric Hudspeth","37 feet","32 feet","20 feet",NA,NA,NA,"Novelty Balloons",NA,NA,NA
"Uncle Sam",1,"1938-1940","Macy's",NA,"75 feet","75 feet",NA,NA,"5,500 cubic ft.",NA,"Novelty Balloons","Goodyear Tire and Rubber Company",NA,NA
"Uncle Sam",2,"2002-2006, 2008, 2010-2013","Macy's","Jennifer Palmer","39 feet",NA,NA,NA,NA,NA,"Novelty Balloons","Raven Aerostar",NA,NA
"Virginia O'Hanlon",1,"2010-2015","Macy's","Laura Duphiney",NA,NA,NA,NA,NA,"32","Novelty Balloons",NA,NA,NA
"White Macy's Stars",1,"1985","Macy's",NA,"10 feet",NA,NA,NA,NA,NA,"Novelty Balloons","Raven Aerostar",NA,NA
"White Macy's Stars",2,"1986-1998, 1999-2007, 2012-2014","Macy's",NA,NA,NA,NA,NA,NA,NA,"Novelty Balloons",NA,NA,NA
"Wiggle Worm",1,"1993-1996","Macy's",NA,NA,"50 feet",NA,NA,NA,NA,"Novelty Balloons",NA,NA,NA
"Wiggle Worm",2,"2004-2005, 2010, 2012, 2014-2016, 2019","Macy's",NA,"19 feet","70 feet","19 feet",NA,"3,900 cubic ft.","39","Novelty Balloons",NA,NA,NA
"Yayoi Kusama",1,"2019-2020","Yayoi Kusama",NA,"34 feet","30 feet","36 feet",NA,NA,"40","Novelty Balloons",NA,"Yayoi KusamaJoel Naprstek",NA
"Yellow Macy's Stars",1,"2006-20142015-2019, 2021","Macy's",NA,"25 feet","12 feet deep","24 feet","50 lbs.","1,650 cubic ft.","24","Novelty Balloons",NA,NA,NA
"Blue Holiday Ornament",1,"2010 (Main Parade)2010-2013 (Universal)","Macy's",NA,NA,NA,NA,NA,NA,NA,"Balloonicle",NA,NA,NA
"Cloe the Holiday Clown",1,"1994-2003 (Main Parade)2002-2004 (Macy's Holiday Parade)","Macy's","Manfred Bass","28.5 feet",NA,"18 feet",NA,"2,241 cubic ft.",NA,"Balloonicle",NA,NA,NA
"Cloe the Holiday Clown",2,"2005-2009, 2011-2012 (Main Parade)2005-2012 (Macy's Holiday Parade)","Macy's","Dany JonesJoel Naprstek","28.5 feet",NA,"18 feet",NA,"2,242 cubic ft.",NA,"Balloonicle",NA,NA,NA
"Cloe the Holiday Clown",3,"2014 (Main Parade)2014-2016 (Macy's Holiday Parade)","Universal Orlando Resort",NA,"25 feet",NA,"16 feet",NA,NA,NA,"Balloonicle",NA,NA,NA
"Diary of a Wimpy Kid",1,"2010-2015","ABRAMS Books (2010-2011, 2013-2015)ABRAMS Publishers (2012)",NA,"56 feet","60 feet","28 feet","280 lbs.",NA,"90","Balloonicle",NA,"Jeff KinneyJennifer Palmer",NA
"Diary of a Wimpy Kid",2,"2016-2021","ABRAMS Children's Books",NA,"62 feet","62 feet","32 feet","330 lbs.",NA,"90","Balloonicle",NA,"Jeff KinneyJoel Naprstek",NA
"Diary of a Wimpy Kid",3,"2022-present","ABRAMS Books",NA,"39 feet","45 feet","23 feet",NA,NA,"90","Balloonicle",NA,"Jeff KinneyJoey Ammons",NA
"Energizer Bunny",1,"2006-2011","Energizer","Joel Naprstek","40 feet","23 feet",NA,NA,NA,NA,"Balloonicle",NA,NA,NA
"FOX Sports",1,"2022","FOX Sports","Joey Ammons","25 feet","25 feet","10 feet",NA,NA,"40","Balloonicle",NA,NA,NA
"Go Bowling",1,"2018-Present","Go Bowling","Joel Naprstek","14 feet (Bowling Ball)16 feet (Bowling Pins)",NA,NA,NA,NA,"12","Balloonicle",NA,NA,NA
"Heinz",1,"2021","Heinz","Joey Ammons",NA,NA,NA,NA,NA,NA,"Balloonicle",NA,NA,NA
"Kool-Aid Man",1,"2010-2015","Kraft Foods","Laura Duphiney","34 feet","22 feet","25 feet",NA,NA,"8","Balloonicle",NA,NA,NA
"Mother Ginger",1,"2016 (Main Parade)2016 (Macy's Holiday Parade)","Universal Orlando Resort",NA,NA,NA,NA,NA,NA,NA,"Balloonicle",NA,NA,NA
"Red Holiday Ornament",1,"2010-2012","Macy's",NA,NA,NA,NA,NA,NA,NA,"Balloonicle",NA,NA,NA
"Sinclair Oil Corporation",1,"1963-1976","Sinclair Oil Corporation (1963-1968)Macy's (1969-1976)",NA,"28 feet","60 feet","20 feet","295 lbs.","7,840 cubic ft.","26","Balloonicle","Goodyear Tire and Rubber Company",NA,NA
"Sinclair Oil Corporation",2,"1966","Sinclair Oil Corporation","Manfred Bass",NA,NA,NA,NA,NA,NA,"Balloonicle",NA,NA,NA
"Sinclair Oil Corporation",3,"2015-2021","Sinclair Oil Corporation","Laura Duphiney","36 feet","72 feet","24 feet","349 lbs.","11,370 cubic ft.","90","Balloonicle","Raven Aerostar",NA,NA
"Sinclair Oil Corporation",4,"2018-present","Sinclair Oil Corporation (2018-2022)HF Sinclair (2023-present)","Laura Duphiney",NA,NA,NA,NA,NA,"12","Balloonicle","Signs & Shapes International",NA,NA
"Sinclair Oil Corporation",5,"2022-present","Sinclair Oil (2022)HF Sinclair (2023-present)","Joseph Ammons","49 feet","68 feet","26 feet",NA,NA,"90","Balloonicle","Macy's Parade Studio",NA,NA
"Snowbo",1,"2005-2007 (Main Parade)2005-2009 (Macy's Holiday Parade)","Macy's","Joel Naprstek",NA,NA,NA,NA,NA,NA,"Balloonicle",NA,NA,NA
"The Aflac Duck",1,"2011-2013","Aflac, Inc.","Laura Duphiney","35 feet","22 feet",NA,NA,NA,NA,"Balloonicle",NA,NA,NA
"The Aflac Duck",2,"2014-2016","Aflac, Inc.","Joel Naprstek","33 feet",NA,"20 feet",NA,NA,NA,"Balloonicle",NA,NA,NA
"The Aflac Duck",3,"2017-2019","Aflac, Inc.",NA,"30 feet",NA,"15 feet",NA,NA,"8","Balloonicle",NA,NA,NA
"Tom Turkey",1,"1973-1992","Macy's","Manfred Bass",NA,NA,NA,NA,NA,NA,"Balloonicle",NA,NA,NA
"Tom Turkey",2,"1993-2002, 2004-2017","Macy's (1993, 1995-1998, 2001-2002, 2004-2008, 2013-2016) Butterball Turkey Company (1994) macyparade.com (1999)macys.com (2000)Big3 Entertainment (2004)Food Network (2009-2010, 2012) Cooking Channel (2011) Bravo's Top Chef (2017)","Manfred Bass",NA,NA,NA,NA,NA,NA,"Balloonicle",NA,NA,NA
"Tom Turkey",3,"2015-2016 (Macy's Holiday Parade)","Macy's",NA,NA,NA,NA,NA,NA,NA,"Balloonicle",NA,NA,NA
"Tom Turkey",4,"2018-present","Macy's","Jennifer Palmer",NA,NA,NA,NA,NA,NA,"Balloonicle",NA,NA,NA
"Trixie's Dreidel",1,"2013","Macy's",NA,NA,NA,NA,NA,NA,NA,"Balloonicle",NA,NA,NA
"Weebles",1,"1975-1978","Hasbro",NA,"40 feet","25 feet","25 feet","258 lbs.","14,500 cubic ft.","37","Balloonicle","Goodyear Tire and Rubber Company",NA,NA
"Weebles",2,"2004-2006","Playskool","Astrid Riemer",NA,NA,NA,NA,NA,NA,"Balloonicle","Raven Aerostar",NA,NA
